log10_T,r,g,b,log10_Y
0.00,4.703669,0.000000,0.000000,-7529.451548
0.01,4.703669,0.000000,0.000000,-7358.085430
0.02,4.703669,0.000000,0.000000,-7190.620079
0.03,4.703669,0.000000,0.000000,-7026.966704
0.04,4.703669,0.000000,0.000000,-6867.038533
0.05,4.703669,0.000000,0.000000,-6710.750770
0.06,4.703669,0.000000,0.000000,-6558.020549
0.07,4.703669,0.000000,0.000000,-6408.766890
0.08,4.703669,0.000000,0.000000,-6262.910657
0.09,4.703669,0.000000,0.000000,-6120.374513
0.10,4.703669,0.000000,0.000000,-5981.082885
0.11,4.703669,0.000000,0.000000,-5844.961917
0.12,4.703669,0.000000,0.000000,-5711.939435
0.13,4.703669,0.000000,0.000000,-5581.944910
0.14,4.703669,0.000000,0.000000,-5454.909414
0.15,4.703669,0.000000,0.000000,-5330.765592
0.16,4.703669,0.000000,0.000000,-5209.447620
0.17,4.703669,0.000000,0.000000,-5090.891173
0.18,4.703669,0.000000,0.000000,-4975.033390
0.19,4.703669,0.000000,0.000000,-4861.812840
0.20,4.703669,0.000000,0.000000,-4751.169491
0.21,4.703669,0.000000,0.000000,-4643.044677
0.22,4.703669,0.000000,0.000000,-4537.381068
0.23,4.703669,0.000000,0.000000,-4434.122638
0.24,4.703669,0.000000,0.000000,-4333.214637
0.25,4.703669,0.000000,0.000000,-4234.603561
0.26,4.703669,0.000000,0.000000,-4138.237123
0.27,4.703669,0.000000,0.000000,-4044.064226
0.28,4.703669,0.000000,0.000000,-3952.034938
0.29,4.703669,0.000000,0.000000,-3862.100460
0.30,4.703669,0.000000,0.000000,-3774.213108
0.31,4.703669,0.000000,0.000000,-3688.326279
0.32,4.703669,0.000000,0.000000,-3604.394434
0.33,4.703669,0.000000,0.000000,-3522.373069
0.34,4.703669,0.000000,0.000000,-3442.218692
0.35,4.703669,0.000000,0.000000,-3363.888804
0.36,4.703669,0.000000,0.000000,-3287.341870
0.37,4.703669,0.000000,0.000000,-3212.537302
0.38,4.703669,0.000000,0.000000,-3139.435435
0.39,4.703669,0.000000,0.000000,-3067.997508
0.40,4.703669,0.000000,0.000000,-2998.185642
0.41,4.703669,0.000000,0.000000,-2929.962818
0.42,4.703669,0.000000,0.000000,-2863.292863
0.43,4.703669,0.000000,0.000000,-2798.140424
0.44,4.703669,0.000000,0.000000,-2734.470956
0.45,4.703669,0.000000,0.000000,-2672.250698
0.46,4.703669,0.000000,0.000000,-2611.446657
0.47,4.703669,0.000000,0.000000,-2552.026594
0.48,4.703669,0.000000,0.000000,-2493.959001
0.49,4.703669,0.000000,0.000000,-2437.213088
0.50,4.703669,0.000000,0.000000,-2381.758766
0.51,4.703669,0.000000,0.000000,-2327.566631
0.52,4.703669,0.000000,0.000000,-2274.607948
0.53,4.703669,0.000000,0.000000,-2222.854637
0.54,4.703669,0.000000,0.000000,-2172.279255
0.55,4.703669,0.000000,0.000000,-2122.854988
0.56,4.703669,0.000000,0.000000,-2074.555626
0.57,4.703669,0.000000,0.000000,-2027.355562
0.58,4.703669,0.000000,0.000000,-1981.229769
0.59,4.703669,0.000000,0.000000,-1936.153788
0.60,4.703669,0.000000,0.000000,-1892.103721
0.61,4.703669,0.000000,0.000000,-1849.056210
0.62,4.703669,0.000000,0.000000,-1806.988431
0.63,4.703669,0.000000,0.000000,-1765.878080
0.64,4.703669,0.000000,0.000000,-1725.703358
0.65,4.703669,0.000000,0.000000,-1686.442966
0.66,4.703669,0.000000,0.000000,-1648.076087
0.67,4.703669,0.000000,0.000000,-1610.582379
0.68,4.703669,0.000000,0.000000,-1573.941963
0.69,4.703669,0.000000,0.000000,-1538.135412
0.70,4.703669,0.000000,0.000000,-1503.143742
0.71,4.703669,0.000000,0.000000,-1468.948402
0.72,4.703669,0.000000,0.000000,-1435.531262
0.73,4.703669,0.000000,0.000000,-1402.874604
0.74,4.703669,0.000000,0.000000,-1370.961116
0.75,4.703669,0.000000,0.000000,-1339.773877
0.76,4.703669,0.000000,0.000000,-1309.296354
0.77,4.703669,0.000000,0.000000,-1279.512389
0.78,4.703669,0.000000,0.000000,-1250.406191
0.79,4.703669,0.000000,0.000000,-1221.962331
0.80,4.703669,0.000000,0.000000,-1194.165729
0.81,4.703669,0.000000,0.000000,-1167.001649
0.82,4.703669,0.000000,0.000000,-1140.455691
0.83,4.703669,0.000000,0.000000,-1114.513783
0.84,4.703669,0.000000,0.000000,-1089.162172
0.85,4.703669,0.000000,0.000000,-1064.387419
0.86,4.703669,0.000000,0.000000,-1040.176390
0.87,4.703669,0.000000,0.000000,-1016.516253
0.88,4.703669,0.000000,0.000000,-993.394464
0.89,4.703669,0.000000,0.000000,-970.798768
0.90,4.703669,0.000000,0.000000,-948.717186
0.91,4.703669,0.000000,0.000000,-927.138014
0.92,4.703669,0.000000,0.000000,-906.049815
0.93,4.703669,0.000000,0.000000,-885.441409
0.94,4.703669,0.000000,0.000000,-865.301874
0.95,4.703669,0.000000,0.000000,-845.620534
0.96,4.703669,0.000000,0.000000,-826.386958
0.97,4.703669,0.000000,0.000000,-807.590952
0.98,4.703669,0.000000,0.000000,-789.222553
0.99,4.703669,0.000000,0.000000,-771.272026
1.00,4.703669,0.000000,0.000000,-753.729857
1.01,4.703669,0.000000,0.000000,-736.586749
1.02,4.703669,0.000000,0.000000,-719.833617
1.03,4.703669,0.000000,0.000000,-703.461581
1.04,4.703669,0.000000,0.000000,-687.461964
1.05,4.703669,0.000000,0.000000,-671.826288
1.06,4.703669,0.000000,0.000000,-656.546267
1.07,4.703669,0.000000,0.000000,-641.613802
1.08,4.703669,0.000000,0.000000,-627.020981
1.09,4.703669,0.000000,0.000000,-612.760070
1.10,4.703669,0.000000,0.000000,-598.823513
1.11,4.703669,0.000000,0.000000,-585.203924
1.12,4.703669,0.000000,0.000000,-571.894086
1.13,4.703669,0.000000,0.000000,-558.886946
1.14,4.703669,0.000000,0.000000,-546.175613
1.15,4.703669,0.000000,0.000000,-533.753351
1.16,4.703669,0.000000,0.000000,-521.613577
1.17,4.703669,0.000000,0.000000,-509.749860
1.18,4.703669,0.000000,0.000000,-498.155913
1.19,4.703669,0.000000,0.000000,-486.825594
1.20,4.703669,0.000000,0.000000,-475.752900
1.21,4.703669,0.000000,0.000000,-464.931964
1.22,4.703669,0.000000,0.000000,-454.357053
1.23,4.703669,0.000000,0.000000,-444.022565
1.24,4.703669,0.000000,0.000000,-433.923025
1.25,4.703669,0.000000,0.000000,-424.053082
1.26,4.703669,0.000000,0.000000,-414.407507
1.27,4.703669,0.000000,0.000000,-404.981191
1.28,4.703669,0.000000,0.000000,-395.769141
1.29,4.703669,0.000000,0.000000,-386.766476
1.30,4.703669,0.000000,0.000000,-377.968428
1.31,4.703669,0.000000,0.000000,-369.370336
1.32,4.703669,0.000000,0.000000,-360.967645
1.33,4.703669,0.000000,0.000000,-352.755905
1.34,4.703669,0.000000,0.000000,-344.730767
1.35,4.703669,0.000000,0.000000,-336.887980
1.36,4.703669,0.000000,0.000000,-329.223389
1.37,4.703669,0.000000,0.000000,-321.732935
1.38,4.703669,0.000000,0.000000,-314.412651
1.39,4.703669,0.000000,0.000000,-307.258661
1.40,4.703669,0.000000,0.000000,-300.267174
1.41,4.703669,0.000000,0.000000,-293.434488
1.42,4.703669,0.000000,0.000000,-286.756985
1.43,4.703669,0.000000,0.000000,-280.231128
1.44,4.703669,0.000000,0.000000,-273.853461
1.45,4.703669,0.000000,0.000000,-267.620607
1.46,4.703669,0.000000,0.000000,-261.529264
1.47,4.703669,0.000000,0.000000,-255.576208
1.48,4.703669,0.000000,0.000000,-249.758285
1.49,4.703669,0.000000,0.000000,-244.072415
1.50,4.703669,0.000000,0.000000,-238.515586
1.51,4.703669,0.000000,0.000000,-233.084855
1.52,4.703669,0.000000,0.000000,-227.777348
1.53,4.703669,0.000000,0.000000,-222.590252
1.54,4.703669,0.000000,0.000000,-217.520822
1.55,4.703669,0.000000,0.000000,-212.566371
1.56,4.703669,0.000000,0.000000,-207.724278
1.57,4.703669,0.000000,0.000000,-202.991976
1.58,4.703669,0.000000,0.000000,-198.366961
1.59,4.703669,0.000000,0.000000,-193.846781
1.60,4.703669,0.000000,0.000000,-189.429044
1.61,4.703669,0.000000,0.000000,-185.111408
1.62,4.703669,0.000000,0.000000,-180.891587
1.63,4.703669,0.000000,0.000000,-176.767346
1.64,4.703669,0.000000,0.000000,-172.736499
1.65,4.703669,0.000000,0.000000,-168.796910
1.66,4.703669,0.000000,0.000000,-164.946493
1.67,4.703669,0.000000,0.000000,-161.183206
1.68,4.703669,0.000000,0.000000,-157.505054
1.69,4.703669,0.000000,0.000000,-153.910089
1.70,4.703669,0.000000,0.000000,-150.396403
1.71,4.703669,0.000000,0.000000,-146.962133
1.72,4.703669,0.000000,0.000000,-143.605459
1.73,4.703669,0.000000,0.000000,-140.324598
1.74,4.703669,0.000000,0.000000,-137.117810
1.75,4.703669,0.000000,0.000000,-133.983392
1.76,4.703669,0.000000,0.000000,-130.919680
1.77,4.703669,0.000000,0.000000,-127.925047
1.78,4.703669,0.000000,0.000000,-124.997900
1.79,4.703669,0.000000,0.000000,-122.136683
1.80,4.703669,0.000000,0.000000,-119.339874
1.81,4.703669,0.000000,0.000000,-116.605984
1.82,4.703669,0.000000,0.000000,-113.933557
1.83,4.703669,0.000000,0.000000,-111.321168
1.84,4.703669,0.000000,0.000000,-108.767424
1.85,4.703669,0.000000,0.000000,-106.270961
1.86,4.703669,0.000000,0.000000,-103.830444
1.87,4.703669,0.000000,0.000000,-101.444568
1.88,4.703669,0.000000,0.000000,-99.112055
1.89,4.703669,0.000000,0.000000,-96.831653
1.90,4.703669,0.000000,0.000000,-94.602138
1.91,4.703669,0.000000,0.000000,-92.422309
1.92,4.703669,0.000000,0.000000,-90.290992
1.93,4.703669,0.000000,0.000000,-88.207037
1.94,4.703669,0.000000,0.000000,-86.169316
1.95,4.703669,0.000000,0.000000,-84.176723
1.96,4.703669,0.000000,0.000000,-82.228176
1.97,4.703669,0.000000,0.000000,-80.322614
1.98,4.703669,0.000000,0.000000,-78.458996
1.99,4.703669,0.000000,0.000000,-76.636301
2.00,4.703669,0.000000,0.000000,-74.853527
2.01,4.703669,0.000000,0.000000,-73.109694
2.02,4.703669,0.000000,0.000000,-71.403836
2.03,4.703669,0.000000,0.000000,-69.735009
2.04,4.703669,0.000000,0.000000,-68.102286
2.05,4.703669,0.000000,0.000000,-66.504757
2.06,4.703669,0.000000,0.000000,-64.941529
2.07,4.703669,0.000000,0.000000,-63.411726
2.08,4.703669,0.000000,0.000000,-61.914492
2.09,4.703669,0.000000,0.000000,-60.448985
2.10,4.703669,0.000000,0.000000,-59.014382
2.11,4.703669,0.000000,0.000000,-57.609879
2.12,4.703669,0.000000,0.000000,-56.234687
2.13,4.703669,0.000000,0.000000,-54.888040
2.14,4.703669,0.000000,0.000000,-53.569186
2.15,4.703669,0.000000,0.000000,-52.277398
2.16,4.703669,0.000000,0.000000,-51.011966
2.17,4.703669,0.000000,0.000000,-49.772201
2.18,4.703669,0.000000,0.000000,-48.557439
2.19,4.703669,0.000000,0.000000,-47.367035
2.20,4.703669,0.000000,0.000000,-46.200366
2.21,4.703669,0.000000,0.000000,-45.056834
2.22,4.703669,0.000000,0.000000,-43.935864
2.23,4.703669,0.000000,0.000000,-42.836902
2.24,4.703669,0.000000,0.000000,-41.759419
2.25,4.703669,0.000000,0.000000,-40.702905
2.26,4.703669,0.000000,0.000000,-39.666876
2.27,4.703669,0.000000,0.000000,-38.650865
2.28,4.703669,0.000000,0.000000,-37.654428
2.29,4.703669,0.000000,0.000000,-36.677138
2.30,4.703669,0.000000,0.000000,-35.718587
2.31,4.703669,0.000000,0.000000,-34.778383
2.32,4.703669,0.000000,0.000000,-33.856151
2.33,4.703669,0.000000,0.000000,-32.951529
2.34,4.703669,0.000000,0.000000,-32.064168
2.35,4.703669,0.000000,0.000000,-31.193733
2.36,4.703669,0.000000,0.000000,-30.339897
2.37,4.703669,0.000000,0.000000,-29.502348
2.38,4.703669,0.000000,0.000000,-28.680779
2.39,4.703669,0.000000,0.000000,-27.874892
2.40,4.703669,0.000000,0.000000,-27.084400
2.41,4.703669,0.000000,0.000000,-26.309019
2.42,4.703669,0.000000,0.000000,-25.548476
2.43,4.703669,0.000000,0.000000,-24.802500
2.44,4.703669,0.000000,0.000000,-24.070829
2.45,4.703669,0.000000,0.000000,-23.353204
2.46,4.703669,0.000000,0.000000,-22.649373
2.47,4.703669,0.000000,0.000000,-21.959087
2.48,4.703669,0.000000,0.000000,-21.282105
2.49,4.703669,0.000000,0.000000,-20.618186
2.50,4.703669,0.000000,0.000000,-19.967096
2.51,4.703669,0.000000,0.000000,-19.328604
2.52,4.703669,0.000000,0.000000,-18.702485
2.53,4.703669,0.000000,0.000000,-18.088514
2.54,4.703669,0.000000,0.000000,-17.486474
2.55,4.703669,0.000000,0.000000,-16.896149
2.56,4.703669,0.000000,0.000000,-16.317326
2.57,4.703669,0.000000,0.000000,-15.749799
2.58,4.703669,0.000000,0.000000,-15.193361
2.59,4.703669,0.000000,0.000000,-14.647811
2.60,4.703669,0.000000,0.000000,-14.112952
2.61,4.703669,0.000000,0.000000,-13.588588
2.62,4.703669,0.000000,0.000000,-13.074527
2.63,4.703669,0.000000,0.000000,-12.570580
2.64,4.703669,0.000000,0.000000,-12.076563
2.65,4.703669,0.000000,0.000000,-11.592292
2.66,4.703669,0.000000,0.000000,-11.117588
2.67,4.703669,0.000000,0.000000,-10.652274
2.68,4.703669,0.000000,0.000000,-10.196177
2.69,4.703669,0.000000,0.000000,-9.749125
2.70,4.703669,0.000000,0.000000,-9.310952
2.71,4.703669,0.000000,0.000000,-8.881490
2.72,4.703669,0.000000,0.000000,-8.460579
2.73,4.703669,0.000000,0.000000,-8.048058
2.74,4.703669,0.000000,0.000000,-7.643769
2.75,4.703669,0.000000,0.000000,-7.247560
2.76,4.703669,0.000000,0.000000,-6.859278
2.77,4.703669,0.000000,0.000000,-6.478773
2.78,4.703669,0.000000,0.000000,-6.105900
2.79,4.703669,0.000000,0.000000,-5.740513
2.80,4.703669,0.000000,0.000000,-5.382472
2.81,4.703669,0.000000,0.000000,-5.031638
2.82,4.703669,0.000000,0.000000,-4.687872
2.83,4.703669,0.000000,0.000000,-4.351042
2.84,4.703669,0.000000,0.000000,-4.021015
2.85,4.703669,0.000000,0.000000,-3.697661
2.86,4.703669,0.000000,0.000000,-3.380854
2.87,4.703669,0.000000,0.000000,-3.070468
2.88,4.703669,0.000000,0.000000,-2.766380
2.89,4.703669,0.000000,0.000000,-2.468470
2.90,4.703669,0.000000,0.000000,-2.176620
2.91,4.703669,0.000000,0.000000,-1.890712
2.92,4.703669,0.000000,0.000000,-1.610634
2.93,4.699955,0.001104,0.000000,-1.336273
2.94,4.646353,0.017038,0.000000,-1.067518
2.95,4.590738,0.033570,0.000000,-0.804262
2.96,4.533322,0.050637,0.000000,-0.546400
2.97,4.474306,0.068180,0.000000,-0.293826
2.98,4.413886,0.086141,0.000000,-0.046438
2.99,4.352247,0.104463,0.000000,0.195863
3.00,4.289567,0.123096,0.000000,0.433176
3.01,4.226016,0.141987,0.000000,0.665598
3.02,4.161753,0.161090,0.000000,0.893223
3.03,4.096931,0.180359,0.000000,1.116145
3.04,4.031694,0.199751,0.000000,1.334456
3.05,3.966176,0.219227,0.000000,1.548244
3.06,3.900504,0.238748,0.000000,1.757598
3.07,3.834799,0.258280,0.000000,1.962604
3.08,3.769169,0.277789,0.000000,2.163347
3.09,3.703720,0.297244,0.000000,2.359911
3.10,3.638546,0.316618,0.000000,2.552378
3.11,3.573736,0.335883,0.000000,2.740827
3.12,3.509372,0.355016,0.000000,2.925337
3.13,3.445529,0.373994,0.000000,3.105987
3.14,3.382275,0.392797,0.000000,3.282851
3.15,3.319674,0.411406,0.000000,3.456004
3.16,3.257781,0.429804,0.000000,3.625521
3.17,3.196648,0.447976,0.000000,3.791472
3.18,3.136319,0.465910,0.000000,3.953928
3.19,3.076837,0.483591,0.000000,4.112959
3.20,3.018237,0.501011,0.000000,4.268632
3.21,2.960551,0.518158,0.000000,4.421015
3.22,2.903805,0.535027,0.000000,4.570173
3.23,2.848024,0.551608,0.000000,4.716170
3.24,2.793227,0.567897,0.000000,4.859070
3.25,2.739431,0.583888,0.000000,4.998935
3.26,2.686648,0.599579,0.000000,5.135826
3.27,2.634889,0.614965,0.000000,5.269802
3.28,2.584161,0.630044,0.000000,5.400922
3.29,2.532907,0.644418,0.008533,5.529245
3.30,2.482578,0.658420,0.018034,5.654826
3.31,2.433262,0.672069,0.028044,5.777721
3.32,2.384961,0.685364,0.038568,5.897985
3.33,2.337674,0.698306,0.049610,6.015672
3.34,2.291396,0.710896,0.061172,6.130833
3.35,2.246124,0.723133,0.073256,6.243521
3.36,2.201853,0.735021,0.085861,6.353786
3.37,2.158574,0.746561,0.098987,6.461678
3.38,2.116281,0.757755,0.112632,6.567245
3.39,2.074964,0.768607,0.126793,6.670536
3.40,2.034614,0.779121,0.141467,6.771598
3.41,1.995219,0.789299,0.156647,6.870476
3.42,1.956769,0.799146,0.172328,6.967217
3.43,1.919250,0.808665,0.188503,7.061864
3.44,1.882651,0.817863,0.205164,7.154462
3.45,1.846959,0.826743,0.222301,7.245052
3.46,1.812160,0.835310,0.239905,7.333678
3.47,1.778240,0.843570,0.257964,7.420380
3.48,1.745186,0.851528,0.276468,7.505200
3.49,1.712982,0.859189,0.295403,7.588176
3.50,1.681615,0.866559,0.314756,7.669349
3.51,1.651070,0.873644,0.334514,7.748756
3.52,1.621333,0.880450,0.354661,7.826435
3.53,1.592387,0.886983,0.375183,7.902424
3.54,1.564220,0.893248,0.396062,7.976759
3.55,1.536815,0.899252,0.417283,8.049475
3.56,1.510158,0.905001,0.438829,8.120607
3.57,1.484235,0.910501,0.460683,8.190191
3.58,1.459029,0.915758,0.482825,8.258260
3.59,1.434528,0.920779,0.505238,8.324847
3.60,1.410716,0.925569,0.527903,8.389986
3.61,1.387579,0.930135,0.550801,8.453708
3.62,1.365103,0.934484,0.573914,8.516045
3.63,1.343272,0.938620,0.597220,8.577029
3.64,1.322074,0.942551,0.620701,8.636689
3.65,1.301495,0.946282,0.644337,8.695056
3.66,1.281519,0.949821,0.668108,8.752160
3.67,1.262134,0.953172,0.691994,8.808030
3.68,1.243326,0.956341,0.715976,8.862693
3.69,1.225082,0.959336,0.740032,8.916179
3.70,1.207388,0.962162,0.764145,8.968515
3.71,1.190231,0.964824,0.788293,9.019728
3.72,1.173599,0.967329,0.812458,9.069845
3.73,1.157478,0.969682,0.836620,9.118891
3.74,1.141855,0.971889,0.860761,9.166894
3.75,1.126718,0.973955,0.884862,9.213877
3.76,1.112055,0.975887,0.908904,9.259867
3.77,1.097854,0.977689,0.932870,9.304887
3.78,1.084102,0.979367,0.956743,9.348961
3.79,1.070787,0.980926,0.980505,9.392113
3.80,1.057898,0.982371,1.004140,9.434367
3.81,1.045422,0.983708,1.027632,9.475744
3.82,1.033349,0.984941,1.050966,9.516267
3.83,1.021668,0.986076,1.074127,9.555958
3.84,1.010367,0.987116,1.097102,9.594838
3.85,0.999434,0.988067,1.119876,9.632929
3.86,0.988861,0.988932,1.142437,9.670251
3.87,0.978635,0.989717,1.164772,9.706824
3.88,0.968747,0.990425,1.186871,9.742667
3.89,0.959186,0.991062,1.208723,9.777801
3.90,0.949943,0.991629,1.230317,9.812244
3.91,0.941007,0.992132,1.251645,9.846014
3.92,0.932370,0.992575,1.272697,9.879130
3.93,0.924021,0.992960,1.293466,9.911610
3.94,0.915952,0.993291,1.313945,9.943470
3.95,0.908153,0.993572,1.334128,9.974728
3.96,0.900616,0.993806,1.354007,10.005400
3.97,0.893332,0.993995,1.373579,10.035502
3.98,0.886293,0.994143,1.392839,10.065051
3.99,0.879491,0.994253,1.411783,10.094061
4.00,0.872918,0.994326,1.430408,10.122547
4.01,0.866566,0.994367,1.448712,10.150524
4.02,0.860428,0.994376,1.466691,10.178007
4.03,0.854496,0.994357,1.484346,10.205009
4.04,0.848764,0.994312,1.501674,10.231544
4.05,0.843224,0.994242,1.518676,10.257624
4.06,0.837870,0.994151,1.535352,10.283264
4.07,0.832695,0.994038,1.551702,10.308475
4.08,0.827694,0.993907,1.567727,10.333269
4.09,0.822859,0.993759,1.583429,10.357659
4.10,0.818186,0.993596,1.598809,10.381655
4.11,0.813668,0.993418,1.613870,10.405270
4.12,0.809301,0.993228,1.628613,10.428514
4.13,0.805078,0.993027,1.643042,10.451397
4.14,0.800994,0.992815,1.657160,10.473930
4.15,0.797046,0.992595,1.670970,10.496124
4.16,0.793227,0.992367,1.684475,10.517987
4.17,0.789533,0.992132,1.697680,10.539529
4.18,0.785961,0.991891,1.710588,10.560759
4.19,0.782504,0.991645,1.723203,10.581687
4.20,0.779160,0.991394,1.735531,10.602320
4.21,0.775925,0.991140,1.747574,10.622668
4.22,0.772794,0.990884,1.759338,10.642739
4.23,0.769763,0.990624,1.770827,10.662539
4.24,0.766830,0.990364,1.782046,10.682078
4.25,0.763991,0.990102,1.793000,10.701363
4.26,0.761242,0.989840,1.803693,10.720401
4.27,0.758580,0.989577,1.814131,10.739198
4.28,0.756002,0.989315,1.824318,10.757762
4.29,0.753506,0.989054,1.834259,10.776100
4.30,0.751087,0.988793,1.843960,10.794217
4.31,0.748745,0.988534,1.853424,10.812120
4.32,0.746475,0.988277,1.862658,10.829816
4.33,0.744276,0.988021,1.871666,10.847309
4.34,0.742144,0.987768,1.880452,10.864606
4.35,0.740078,0.987517,1.889022,10.881712
4.36,0.738076,0.987268,1.897381,10.898633
4.37,0.736134,0.987022,1.905532,10.915374
4.38,0.734252,0.986780,1.913482,10.931939
4.39,0.732426,0.986540,1.921234,10.948334
4.40,0.730656,0.986303,1.928793,10.964563
4.41,0.728939,0.986069,1.936163,10.980632
4.42,0.727273,0.985839,1.943350,10.996544
4.43,0.725656,0.985612,1.950357,11.012304
4.44,0.724088,0.985389,1.957188,11.027915
4.45,0.722566,0.985169,1.963849,11.043384
4.46,0.721089,0.984952,1.970343,11.058712
4.47,0.719655,0.984739,1.976674,11.073904
4.48,0.718263,0.984530,1.982846,11.088963
4.49,0.716912,0.984324,1.988863,11.103894
4.50,0.715599,0.984122,1.994729,11.118700
4.51,0.714325,0.983924,2.000448,11.133384
4.52,0.713087,0.983729,2.006023,11.147950
4.53,0.711885,0.983537,2.011458,11.162400
4.54,0.710717,0.983350,2.016757,11.176738
4.55,0.709582,0.983166,2.021923,11.190967
4.56,0.708479,0.982985,2.026959,11.205090
4.57,0.707408,0.982808,2.031869,11.219109
4.58,0.706366,0.982634,2.036656,11.233028
4.59,0.705354,0.982464,2.041323,11.246849
4.60,0.704370,0.982297,2.045872,11.260574
4.61,0.703414,0.982134,2.050308,11.274207
4.62,0.702483,0.981974,2.054633,11.287749
4.63,0.701579,0.981817,2.058850,11.301204
4.64,0.700700,0.981663,2.062962,11.314573
4.65,0.699844,0.981513,2.066970,11.327858
4.66,0.699012,0.981365,2.070879,11.341063
4.67,0.698203,0.981221,2.074691,11.354188
4.68,0.697415,0.981080,2.078407,11.367237
4.69,0.696649,0.980942,2.082031,11.380210
4.70,0.695904,0.980807,2.085565,11.393111
4.71,0.695179,0.980674,2.089011,11.405940
4.72,0.694473,0.980545,2.092372,11.418700
4.73,0.693786,0.980418,2.095649,11.431393
4.74,0.693117,0.980295,2.098845,11.444020
4.75,0.692466,0.980173,2.101962,11.456583
4.76,0.691833,0.980055,2.105002,11.469083
4.77,0.691216,0.979939,2.107967,11.481523
4.78,0.690615,0.979825,2.110859,11.493903
4.79,0.690030,0.979715,2.113680,11.506226
4.80,0.689461,0.979606,2.116431,11.518492
4.81,0.688906,0.979500,2.119115,11.530704
4.82,0.688366,0.979396,2.121732,11.542862
4.83,0.687840,0.979295,2.124286,11.554968
4.84,0.687327,0.979196,2.126777,11.567024
4.85,0.686828,0.979099,2.129207,11.579030
4.86,0.686342,0.979004,2.131577,11.590987
4.87,0.685868,0.978912,2.133890,11.602898
4.88,0.685406,0.978821,2.136146,11.614763
4.89,0.684956,0.978733,2.138348,11.626583
4.90,0.684518,0.978646,2.140495,11.638359
4.91,0.684091,0.978562,2.142591,11.650094
4.92,0.683674,0.978479,2.144635,11.661786
4.93,0.683268,0.978398,2.146630,11.673438
4.94,0.682873,0.978319,2.148577,11.685051
4.95,0.682487,0.978242,2.150476,11.696626
4.96,0.682112,0.978167,2.152330,11.708162
4.97,0.681745,0.978093,2.154139,11.719663
4.98,0.681388,0.978021,2.155904,11.731128
4.99,0.681040,0.977951,2.157626,11.742558
5.00,0.680700,0.977882,2.159307,11.753954
5.01,0.680369,0.977815,2.160948,11.765317
5.02,0.680047,0.977749,2.162549,11.776647
5.03,0.679732,0.977685,2.164111,11.787947
5.04,0.679425,0.977622,2.165637,11.799215
5.05,0.679126,0.977561,2.167125,11.810454
5.06,0.678834,0.977501,2.168578,11.821663
5.07,0.678549,0.977442,2.169996,11.832844
5.08,0.678271,0.977385,2.171380,11.843997
5.09,0.678000,0.977329,2.172732,11.855123
5.10,0.677736,0.977275,2.174051,11.866222
5.11,0.677478,0.977221,2.175338,11.877296
5.12,0.677227,0.977169,2.176595,11.888344
5.13,0.676982,0.977118,2.177822,11.899368
5.14,0.676742,0.977068,2.179020,11.910367
5.15,0.676509,0.977020,2.180189,11.921344
5.16,0.676281,0.976972,2.181330,11.932297
5.17,0.676059,0.976926,2.182445,11.943228
5.18,0.675842,0.976880,2.183533,11.954137
5.19,0.675631,0.976836,2.184595,11.965025
5.20,0.675424,0.976793,2.185632,11.975893
5.21,0.675223,0.976750,2.186645,11.986740
5.22,0.675026,0.976709,2.187633,11.997567
5.23,0.674834,0.976669,2.188599,12.008375
5.24,0.674647,0.976629,2.189541,12.019164
5.25,0.674464,0.976591,2.190461,12.029934
5.26,0.674286,0.976553,2.191360,12.040687
5.27,0.674112,0.976516,2.192237,12.051422
5.28,0.673942,0.976480,2.193094,12.062140
5.29,0.673776,0.976445,2.193931,12.072842
5.30,0.673614,0.976411,2.194748,12.083527
5.31,0.673456,0.976377,2.195546,12.094196
5.32,0.673302,0.976344,2.196325,12.104850
5.33,0.673151,0.976312,2.197086,12.115488
5.34,0.673004,0.976281,2.197828,12.126112
5.35,0.672861,0.976250,2.198554,12.136721
5.36,0.672721,0.976220,2.199263,12.147316
5.37,0.672584,0.976191,2.199955,12.157897
5.38,0.672451,0.976163,2.200630,12.168465
5.39,0.672320,0.976135,2.201290,12.179019
5.40,0.672193,0.976107,2.201935,12.189561
5.41,0.672069,0.976081,2.202565,12.200090
5.42,0.671948,0.976055,2.203179,12.210607
5.43,0.671829,0.976029,2.203780,12.221112
5.44,0.671713,0.976005,2.204366,12.231606
5.45,0.671601,0.975980,2.204939,12.242088
5.46,0.671490,0.975957,2.205499,12.252558
5.47,0.671383,0.975933,2.206045,12.263018
5.48,0.671278,0.975911,2.206579,12.273468
5.49,0.671175,0.975889,2.207100,12.283907
5.50,0.671075,0.975867,2.207610,12.294335
5.51,0.670977,0.975846,2.208107,12.304754
5.52,0.670881,0.975825,2.208593,12.315164
5.53,0.670788,0.975805,2.209068,12.325563
5.54,0.670697,0.975785,2.209531,12.335954
5.55,0.670608,0.975766,2.209984,12.346336
5.56,0.670521,0.975747,2.210426,12.356708
5.57,0.670436,0.975729,2.210858,12.367073
5.58,0.670353,0.975711,2.211280,12.377428
5.59,0.670272,0.975693,2.211693,12.387776
5.60,0.670193,0.975676,2.212095,12.398116
5.61,0.670116,0.975660,2.212489,12.408448
5.62,0.670040,0.975643,2.212873,12.418772
5.63,0.669967,0.975627,2.213249,12.429089
5.64,0.669895,0.975612,2.213615,12.439398
5.65,0.669824,0.975596,2.213974,12.449700
5.66,0.669756,0.975581,2.214324,12.459996
5.67,0.669689,0.975567,2.214665,12.470284
5.68,0.669623,0.975552,2.214999,12.480566
5.69,0.669559,0.975539,2.215326,12.490842
5.70,0.669497,0.975525,2.215645,12.501111
5.71,0.669436,0.975512,2.215956,12.511374
5.72,0.669376,0.975499,2.216260,12.521631
5.73,0.669318,0.975486,2.216557,12.531882
5.74,0.669261,0.975474,2.216848,12.542128
5.75,0.669205,0.975461,2.217132,12.552367
5.76,0.669151,0.975450,2.217409,12.562601
5.77,0.669098,0.975438,2.217679,12.572830
5.78,0.669046,0.975427,2.217944,12.583054
5.79,0.668996,0.975416,2.218202,12.593272
5.80,0.668946,0.975405,2.218455,12.603486
5.81,0.668898,0.975394,2.218702,12.613694
5.82,0.668851,0.975384,2.218943,12.623898
5.83,0.668805,0.975374,2.219178,12.634097
5.84,0.668760,0.975364,2.219408,12.644292
5.85,0.668716,0.975354,2.219633,12.654482
5.86,0.668673,0.975345,2.219853,12.664668
5.87,0.668631,0.975336,2.220067,12.674849
5.88,0.668590,0.975327,2.220277,12.685026
5.89,0.668550,0.975318,2.220482,12.695200
5.90,0.668511,0.975310,2.220682,12.705369
5.91,0.668473,0.975301,2.220877,12.715534
5.92,0.668435,0.975293,2.221068,12.725696
5.93,0.668399,0.975285,2.221255,12.735854
5.94,0.668363,0.975277,2.221437,12.746008
5.95,0.668328,0.975270,2.221615,12.756159
5.96,0.668294,0.975262,2.221790,12.766306
5.97,0.668261,0.975255,2.221960,12.776450
5.98,0.668228,0.975248,2.222126,12.786591
5.99,0.668197,0.975241,2.222288,12.796729
6.00,0.668166,0.975234,2.222447,12.806863
6.01,0.668135,0.975227,2.222602,12.816994
6.02,0.668106,0.975221,2.222753,12.827122
6.03,0.668077,0.975214,2.222901,12.837248
6.04,0.668049,0.975208,2.223046,12.847370
6.05,0.668021,0.975202,2.223187,12.857490
6.06,0.667994,0.975196,2.223325,12.867607
6.07,0.667968,0.975190,2.223460,12.877721
6.08,0.667942,0.975185,2.223592,12.887833
6.09,0.667917,0.975179,2.223721,12.897942
6.10,0.667892,0.975174,2.223847,12.908048
6.11,0.667868,0.975169,2.223970,12.918153
6.12,0.667845,0.975163,2.224090,12.928254
6.13,0.667822,0.975158,2.224207,12.938354
6.14,0.667800,0.975153,2.224322,12.948451
6.15,0.667778,0.975149,2.224434,12.958546
6.16,0.667756,0.975144,2.224544,12.968639
6.17,0.667735,0.975139,2.224651,12.978729
6.18,0.667715,0.975135,2.224755,12.988818
6.19,0.667695,0.975130,2.224858,12.998905
6.20,0.667676,0.975126,2.224957,13.008989
6.21,0.667657,0.975122,2.225055,13.019072
6.22,0.667638,0.975118,2.225150,13.029153
6.23,0.667620,0.975114,2.225244,13.039232
6.24,0.667602,0.975110,2.225335,13.049309
6.25,0.667585,0.975106,2.225424,13.059384
6.26,0.667568,0.975102,2.225510,13.069458
6.27,0.667551,0.975099,2.225595,13.079530
6.28,0.667535,0.975095,2.225678,13.089600
6.29,0.667519,0.975092,2.225759,13.099669
6.30,0.667504,0.975088,2.225839,13.109736
6.31,0.667489,0.975085,2.225916,13.119802
6.32,0.667474,0.975082,2.225992,13.129866
6.33,0.667459,0.975079,2.226066,13.139929
6.34,0.667445,0.975075,2.226138,13.149990
6.35,0.667432,0.975072,2.226209,13.160050
6.36,0.667418,0.975069,2.226278,13.170108
6.37,0.667405,0.975067,2.226345,13.180165
6.38,0.667392,0.975064,2.226411,13.190221
6.39,0.667380,0.975061,2.226475,13.200276
6.40,0.667367,0.975058,2.226538,13.210329
6.41,0.667355,0.975056,2.226600,13.220381
6.42,0.667344,0.975053,2.226660,13.230432
6.43,0.667332,0.975050,2.226718,13.240482
6.44,0.667321,0.975048,2.226776,13.250531
6.45,0.667310,0.975046,2.226832,13.260578
6.46,0.667299,0.975043,2.226887,13.270625
6.47,0.667289,0.975041,2.226940,13.280670
6.48,0.667279,0.975039,2.226992,13.290714
6.49,0.667269,0.975036,2.227043,13.300758
6.50,0.667259,0.975034,2.227093,13.310800
6.51,0.667250,0.975032,2.227142,13.320842
6.52,0.667240,0.975030,2.227190,13.330882
6.53,0.667231,0.975028,2.227237,13.340921
6.54,0.667222,0.975026,2.227282,13.350960
6.55,0.667214,0.975024,2.227327,13.360998
6.56,0.667205,0.975022,2.227370,13.371035
6.57,0.667197,0.975021,2.227413,13.381071
6.58,0.667189,0.975019,2.227454,13.391106
6.59,0.667181,0.975017,2.227495,13.401140
6.60,0.667173,0.975015,2.227534,13.411174
6.61,0.667166,0.975014,2.227573,13.421207
6.62,0.667158,0.975012,2.227611,13.431239
6.63,0.667151,0.975010,2.227648,13.441270
6.64,0.667144,0.975009,2.227684,13.451301
6.65,0.667137,0.975007,2.227719,13.461331
6.66,0.667130,0.975006,2.227754,13.471360
6.67,0.667124,0.975004,2.227788,13.481389
6.68,0.667117,0.975003,2.227821,13.491417
6.69,0.667111,0.975002,2.227853,13.501444
6.70,0.667105,0.975000,2.227884,13.511471
6.71,0.667099,0.974999,2.227915,13.521497
6.72,0.667093,0.974998,2.227945,13.531523
6.73,0.667087,0.974996,2.227974,13.541547
6.74,0.667082,0.974995,2.228003,13.551572
6.75,0.667076,0.974994,2.228031,13.561596
6.76,0.667071,0.974993,2.228059,13.571619
6.77,0.667066,0.974992,2.228085,13.581642
6.78,0.667061,0.974991,2.228112,13.591664
6.79,0.667056,0.974989,2.228137,13.601686
6.80,0.667051,0.974988,2.228162,13.611707
6.81,0.667046,0.974987,2.228187,13.621727
6.82,0.667041,0.974986,2.228210,13.631748
6.83,0.667037,0.974985,2.228234,13.641768
6.84,0.667033,0.974984,2.228257,13.651787
6.85,0.667028,0.974983,2.228279,13.661806
6.86,0.667024,0.974982,2.228301,13.671824
6.87,0.667020,0.974981,2.228322,13.681842
6.88,0.667016,0.974981,2.228343,13.691860
6.89,0.667012,0.974980,2.228363,13.701877
6.90,0.667008,0.974979,2.228383,13.711894
6.91,0.667004,0.974978,2.228402,13.721910
6.92,0.667000,0.974977,2.228421,13.731927
6.93,0.666997,0.974976,2.228440,13.741942
6.94,0.666993,0.974976,2.228458,13.751958
6.95,0.666990,0.974975,2.228476,13.761973
6.96,0.666986,0.974974,2.228493,13.771987
6.97,0.666983,0.974973,2.228510,13.782002
6.98,0.666980,0.974973,2.228526,13.792016
6.99,0.666977,0.974972,2.228542,13.802029
7.00,0.666974,0.974971,2.228558,13.812043
7.01,0.666971,0.974971,2.228574,13.822056
7.02,0.666968,0.974970,2.228589,13.832069
7.03,0.666965,0.974969,2.228603,13.842081
7.04,0.666962,0.974969,2.228618,13.852093
7.05,0.666959,0.974968,2.228632,13.862105
7.06,0.666957,0.974968,2.228646,13.872117
7.07,0.666954,0.974967,2.228659,13.882128
7.08,0.666952,0.974966,2.228672,13.892139
7.09,0.666949,0.974966,2.228685,13.902150
7.10,0.666947,0.974965,2.228697,13.912161
7.11,0.666944,0.974965,2.228710,13.922171
7.12,0.666942,0.974964,2.228722,13.932181
7.13,0.666940,0.974964,2.228733,13.942191
7.14,0.666937,0.974963,2.228745,13.952201
7.15,0.666935,0.974963,2.228756,13.962211
7.16,0.666933,0.974962,2.228767,13.972220
7.17,0.666931,0.974962,2.228777,13.982229
7.18,0.666929,0.974961,2.228788,13.992238
7.19,0.666927,0.974961,2.228798,14.002246
7.20,0.666925,0.974961,2.228808,14.012255
7.21,0.666923,0.974960,2.228818,14.022263
7.22,0.666921,0.974960,2.228827,14.032271
7.23,0.666920,0.974959,2.228836,14.042279
7.24,0.666918,0.974959,2.228846,14.052287
7.25,0.666916,0.974959,2.228854,14.062294
7.26,0.666914,0.974958,2.228863,14.072301
7.27,0.666913,0.974958,2.228872,14.082309
7.28,0.666911,0.974957,2.228880,14.092316
7.29,0.666910,0.974957,2.228888,14.102323
7.30,0.666908,0.974957,2.228896,14.112329
7.31,0.666907,0.974956,2.228903,14.122336
7.32,0.666905,0.974956,2.228911,14.132342
7.33,0.666904,0.974956,2.228918,14.142348
7.34,0.666902,0.974955,2.228926,14.152355
7.35,0.666901,0.974955,2.228933,14.162361
7.36,0.666900,0.974955,2.228940,14.172366
7.37,0.666898,0.974955,2.228946,14.182372
7.38,0.666897,0.974954,2.228953,14.192378
7.39,0.666896,0.974954,2.228959,14.202383
7.40,0.666894,0.974954,2.228966,14.212388
7.41,0.666893,0.974953,2.228972,14.222394
7.42,0.666892,0.974953,2.228978,14.232399
7.43,0.666891,0.974953,2.228983,14.242404
7.44,0.666890,0.974953,2.228989,14.252409
7.45,0.666889,0.974953,2.228995,14.262413
7.46,0.666888,0.974952,2.229000,14.272418
7.47,0.666887,0.974952,2.229006,14.282422
7.48,0.666886,0.974952,2.229011,14.292427
7.49,0.666885,0.974952,2.229016,14.302431
7.50,0.666884,0.974951,2.229021,14.312435
7.51,0.666883,0.974951,2.229026,14.322440
7.52,0.666882,0.974951,2.229031,14.332444
7.53,0.666881,0.974951,2.229035,14.342448
7.54,0.666880,0.974951,2.229040,14.352451
7.55,0.666879,0.974950,2.229044,14.362455
7.56,0.666878,0.974950,2.229049,14.372459
7.57,0.666877,0.974950,2.229053,14.382463
7.58,0.666877,0.974950,2.229057,14.392466
7.59,0.666876,0.974950,2.229061,14.402469
7.60,0.666875,0.974949,2.229065,14.412473
7.61,0.666874,0.974949,2.229069,14.422476
7.62,0.666874,0.974949,2.229073,14.432479
7.63,0.666873,0.974949,2.229076,14.442482
7.64,0.666872,0.974949,2.229080,14.452486
7.65,0.666871,0.974949,2.229083,14.462489
7.66,0.666871,0.974949,2.229087,14.472491
7.67,0.666870,0.974948,2.229090,14.482494
7.68,0.666870,0.974948,2.229094,14.492497
7.69,0.666869,0.974948,2.229097,14.502500
7.70,0.666868,0.974948,2.229100,14.512502
7.71,0.666868,0.974948,2.229103,14.522505
7.72,0.666867,0.974948,2.229106,14.532508
7.73,0.666867,0.974948,2.229109,14.542510
7.74,0.666866,0.974947,2.229112,14.552513
7.75,0.666865,0.974947,2.229115,14.562515
7.76,0.666865,0.974947,2.229117,14.572517
7.77,0.666864,0.974947,2.229120,14.582520
7.78,0.666864,0.974947,2.229123,14.592522
7.79,0.666863,0.974947,2.229125,14.602524
7.80,0.666863,0.974947,2.229128,14.612526
7.81,0.666862,0.974947,2.229130,14.622528
7.82,0.666862,0.974947,2.229132,14.632530
7.83,0.666861,0.974946,2.229135,14.642532
7.84,0.666861,0.974946,2.229137,14.652534
7.85,0.666861,0.974946,2.229139,14.662536
7.86,0.666860,0.974946,2.229141,14.672538
7.87,0.666860,0.974946,2.229144,14.682540
7.88,0.666859,0.974946,2.229146,14.692541
7.89,0.666859,0.974946,2.229148,14.702543
7.90,0.666859,0.974946,2.229150,14.712545
7.91,0.666858,0.974946,2.229152,14.722546
7.92,0.666858,0.974946,2.229154,14.732548
7.93,0.666857,0.974946,2.229155,14.742550
7.94,0.666857,0.974946,2.229157,14.752551
7.95,0.666857,0.974945,2.229159,14.762553
7.96,0.666856,0.974945,2.229161,14.772554
7.97,0.666856,0.974945,2.229162,14.782556
7.98,0.666856,0.974945,2.229164,14.792557
7.99,0.666855,0.974945,2.229166,14.802558
8.00,0.666855,0.974945,2.229167,14.812560
8.01,0.666855,0.974945,2.229169,14.822561
8.02,0.666855,0.974945,2.229170,14.832562
8.03,0.666854,0.974945,2.229172,14.842563
8.04,0.666854,0.974945,2.229173,14.852565
8.05,0.666854,0.974945,2.229175,14.862566
8.06,0.666853,0.974945,2.229176,14.872567
8.07,0.666853,0.974945,2.229177,14.882568
8.08,0.666853,0.974945,2.229179,14.892569
8.09,0.666853,0.974945,2.229180,14.902570
8.10,0.666852,0.974944,2.229181,14.912571
8.11,0.666852,0.974944,2.229182,14.922572
8.12,0.666852,0.974944,2.229184,14.932573
8.13,0.666852,0.974944,2.229185,14.942574
8.14,0.666852,0.974944,2.229186,14.952575
8.15,0.666851,0.974944,2.229187,14.962576
8.16,0.666851,0.974944,2.229188,14.972577
8.17,0.666851,0.974944,2.229189,14.982578
8.18,0.666851,0.974944,2.229190,14.992579
8.19,0.666851,0.974944,2.229191,15.002580
8.20,0.666850,0.974944,2.229192,15.012581
8.21,0.666850,0.974944,2.229193,15.022582
8.22,0.666850,0.974944,2.229194,15.032582
8.23,0.666850,0.974944,2.229195,15.042583
8.24,0.666850,0.974944,2.229196,15.052584
8.25,0.666849,0.974944,2.229197,15.062585
8.26,0.666849,0.974944,2.229198,15.072586
8.27,0.666849,0.974944,2.229199,15.082586
8.28,0.666849,0.974944,2.229199,15.092587
8.29,0.666849,0.974944,2.229200,15.102588
8.30,0.666849,0.974944,2.229201,15.112588
8.31,0.666848,0.974944,2.229202,15.122589
8.32,0.666848,0.974944,2.229202,15.132590
8.33,0.666848,0.974944,2.229203,15.142590
8.34,0.666848,0.974943,2.229204,15.152591
8.35,0.666848,0.974943,2.229205,15.162591
8.36,0.666848,0.974943,2.229205,15.172592
8.37,0.666848,0.974943,2.229206,15.182593
8.38,0.666847,0.974943,2.229207,15.192593
8.39,0.666847,0.974943,2.229207,15.202594
8.40,0.666847,0.974943,2.229208,15.212594
8.41,0.666847,0.974943,2.229209,15.222595
8.42,0.666847,0.974943,2.229209,15.232595
8.43,0.666847,0.974943,2.229210,15.242596
8.44,0.666847,0.974943,2.229210,15.252596
8.45,0.666847,0.974943,2.229211,15.262597
8.46,0.666847,0.974943,2.229211,15.272597
8.47,0.666846,0.974943,2.229212,15.282598
8.48,0.666846,0.974943,2.229212,15.292598
8.49,0.666846,0.974943,2.229213,15.302598
8.50,0.666846,0.974943,2.229213,15.312599
8.51,0.666846,0.974943,2.229214,15.322599
8.52,0.666846,0.974943,2.229214,15.332600
8.53,0.666846,0.974943,2.229215,15.342600
8.54,0.666846,0.974943,2.229215,15.352600
8.55,0.666846,0.974943,2.229216,15.362601
8.56,0.666846,0.974943,2.229216,15.372601
8.57,0.666846,0.974943,2.229217,15.382602
8.58,0.666845,0.974943,2.229217,15.392602
8.59,0.666845,0.974943,2.229217,15.402602
8.60,0.666845,0.974943,2.229218,15.412603
8.61,0.666845,0.974943,2.229218,15.422603
8.62,0.666845,0.974943,2.229219,15.432603
8.63,0.666845,0.974943,2.229219,15.442604
8.64,0.666845,0.974943,2.229219,15.452604
8.65,0.666845,0.974943,2.229220,15.462604
8.66,0.666845,0.974943,2.229220,15.472604
8.67,0.666845,0.974943,2.229220,15.482605
8.68,0.666845,0.974943,2.229221,15.492605
8.69,0.666845,0.974943,2.229221,15.502605
8.70,0.666845,0.974943,2.229221,15.512606
8.71,0.666845,0.974943,2.229222,15.522606
8.72,0.666845,0.974943,2.229222,15.532606
8.73,0.666844,0.974943,2.229222,15.542606
8.74,0.666844,0.974943,2.229223,15.552607
8.75,0.666844,0.974943,2.229223,15.562607
8.76,0.666844,0.974943,2.229223,15.572607
8.77,0.666844,0.974943,2.229223,15.582607
8.78,0.666844,0.974943,2.229224,15.592608
8.79,0.666844,0.974943,2.229224,15.602608
8.80,0.666844,0.974943,2.229224,15.612608
8.81,0.666844,0.974943,2.229224,15.622608
8.82,0.666844,0.974943,2.229225,15.632608
8.83,0.666844,0.974943,2.229225,15.642609
8.84,0.666844,0.974943,2.229225,15.652609
8.85,0.666844,0.974943,2.229225,15.662609
8.86,0.666844,0.974943,2.229226,15.672609
8.87,0.666844,0.974943,2.229226,15.682609
8.88,0.666844,0.974943,2.229226,15.692609
8.89,0.666844,0.974943,2.229226,15.702610
8.90,0.666844,0.974943,2.229226,15.712610
8.91,0.666844,0.974943,2.229227,15.722610
8.92,0.666844,0.974943,2.229227,15.732610
8.93,0.666844,0.974943,2.229227,15.742610
8.94,0.666844,0.974942,2.229227,15.752610
8.95,0.666843,0.974942,2.229227,15.762611
8.96,0.666843,0.974942,2.229227,15.772611
8.97,0.666843,0.974942,2.229228,15.782611
8.98,0.666843,0.974942,2.229228,15.792611
8.99,0.666843,0.974942,2.229228,15.802611
9.00,0.666843,0.974942,2.229228,15.812611
9.01,0.666843,0.974942,2.229228,15.822611
9.02,0.666843,0.974942,2.229228,15.832612
9.03,0.666843,0.974942,2.229229,15.842612
9.04,0.666843,0.974942,2.229229,15.852612
9.05,0.666843,0.974942,2.229229,15.862612
9.06,0.666843,0.974942,2.229229,15.872612
9.07,0.666843,0.974942,2.229229,15.882612
9.08,0.666843,0.974942,2.229229,15.892612
9.09,0.666843,0.974942,2.229229,15.902612
9.10,0.666843,0.974942,2.229229,15.912612
9.11,0.666843,0.974942,2.229230,15.922613
9.12,0.666843,0.974942,2.229230,15.932613
9.13,0.666843,0.974942,2.229230,15.942613
9.14,0.666843,0.974942,2.229230,15.952613
9.15,0.666843,0.974942,2.229230,15.962613
9.16,0.666843,0.974942,2.229230,15.972613
9.17,0.666843,0.974942,2.229230,15.982613
9.18,0.666843,0.974942,2.229230,15.992613
9.19,0.666843,0.974942,2.229230,16.002613
9.20,0.666843,0.974942,2.229231,16.012613
9.21,0.666843,0.974942,2.229231,16.022614
9.22,0.666843,0.974942,2.229231,16.032614
9.23,0.666843,0.974942,2.229231,16.042614
9.24,0.666843,0.974942,2.229231,16.052614
9.25,0.666843,0.974942,2.229231,16.062614
9.26,0.666843,0.974942,2.229231,16.072614
9.27,0.666843,0.974942,2.229231,16.082614
9.28,0.666843,0.974942,2.229231,16.092614
9.29,0.666843,0.974942,2.229231,16.102614
9.30,0.666843,0.974942,2.229231,16.112614
9.31,0.666843,0.974942,2.229232,16.122614
9.32,0.666843,0.974942,2.229232,16.132614
9.33,0.666843,0.974942,2.229232,16.142614
9.34,0.666843,0.974942,2.229232,16.152614
9.35,0.666843,0.974942,2.229232,16.162614
9.36,0.666843,0.974942,2.229232,16.172615
9.37,0.666843,0.974942,2.229232,16.182615
9.38,0.666843,0.974942,2.229232,16.192615
9.39,0.666843,0.974942,2.229232,16.202615
9.40,0.666843,0.974942,2.229232,16.212615
9.41,0.666843,0.974942,2.229232,16.222615
9.42,0.666843,0.974942,2.229232,16.232615
9.43,0.666842,0.974942,2.229232,16.242615
9.44,0.666842,0.974942,2.229232,16.252615
9.45,0.666842,0.974942,2.229232,16.262615
9.46,0.666842,0.974942,2.229232,16.272615
9.47,0.666842,0.974942,2.229233,16.282615
9.48,0.666842,0.974942,2.229233,16.292615
9.49,0.666842,0.974942,2.229233,16.302615
9.50,0.666842,0.974942,2.229233,16.312615
9.51,0.666842,0.974942,2.229233,16.322615
9.52,0.666842,0.974942,2.229233,16.332615
9.53,0.666842,0.974942,2.229233,16.342615
9.54,0.666842,0.974942,2.229233,16.352615
9.55,0.666842,0.974942,2.229233,16.362615
9.56,0.666842,0.974942,2.229233,16.372615
9.57,0.666842,0.974942,2.229233,16.382616
9.58,0.666842,0.974942,2.229233,16.392616
9.59,0.666842,0.974942,2.229233,16.402616
9.60,0.666842,0.974942,2.229233,16.412616
9.61,0.666842,0.974942,2.229233,16.422616
9.62,0.666842,0.974942,2.229233,16.432616
9.63,0.666842,0.974942,2.229233,16.442616
9.64,0.666842,0.974942,2.229233,16.452616
9.65,0.666842,0.974942,2.229233,16.462616
9.66,0.666842,0.974942,2.229233,16.472616
9.67,0.666842,0.974942,2.229233,16.482616
9.68,0.666842,0.974942,2.229233,16.492616
9.69,0.666842,0.974942,2.229233,16.502616
9.70,0.666842,0.974942,2.229233,16.512616
9.71,0.666842,0.974942,2.229234,16.522616
9.72,0.666842,0.974942,2.229234,16.532616
9.73,0.666842,0.974942,2.229234,16.542616
9.74,0.666842,0.974942,2.229234,16.552616
9.75,0.666842,0.974942,2.229234,16.562616
9.76,0.666842,0.974942,2.229234,16.572616
9.77,0.666842,0.974942,2.229234,16.582616
9.78,0.666842,0.974942,2.229234,16.592616
9.79,0.666842,0.974942,2.229234,16.602616
9.80,0.666842,0.974942,2.229234,16.612616
9.81,0.666842,0.974942,2.229234,16.622616
9.82,0.666842,0.974942,2.229234,16.632616
9.83,0.666842,0.974942,2.229234,16.642616
9.84,0.666842,0.974942,2.229234,16.652616
9.85,0.666842,0.974942,2.229234,16.662616
9.86,0.666842,0.974942,2.229234,16.672616
9.87,0.666842,0.974942,2.229234,16.682616
9.88,0.666842,0.974942,2.229234,16.692616
9.89,0.666842,0.974942,2.229234,16.702616
9.90,0.666842,0.974942,2.229234,16.712616
9.91,0.666842,0.974942,2.229234,16.722616
9.92,0.666842,0.974942,2.229234,16.732616
9.93,0.666842,0.974942,2.229234,16.742616
9.94,0.666842,0.974942,2.229234,16.752616
9.95,0.666842,0.974942,2.229234,16.762616
9.96,0.666842,0.974942,2.229234,16.772616
9.97,0.666842,0.974942,2.229234,16.782616
9.98,0.666842,0.974942,2.229234,16.792616
9.99,0.666842,0.974942,2.229234,16.802616
10.00,0.666842,0.974942,2.229234,16.812616
10.01,0.666842,0.974942,2.229234,16.822616
10.02,0.666842,0.974942,2.229234,16.832617
10.03,0.666842,0.974942,2.229234,16.842617
10.04,0.666842,0.974942,2.229234,16.852617
10.05,0.666842,0.974942,2.229234,16.862617
10.06,0.666842,0.974942,2.229234,16.872617
10.07,0.666842,0.974942,2.229234,16.882617
10.08,0.666842,0.974942,2.229234,16.892617
10.09,0.666842,0.974942,2.229234,16.902617
10.10,0.666842,0.974942,2.229234,16.912617
10.11,0.666842,0.974942,2.229234,16.922617
10.12,0.666842,0.974942,2.229234,16.932617
10.13,0.666842,0.974942,2.229234,16.942617
10.14,0.666842,0.974942,2.229234,16.952617
10.15,0.666842,0.974942,2.229234,16.962617
10.16,0.666842,0.974942,2.229234,16.972617
10.17,0.666842,0.974942,2.229234,16.982617
10.18,0.666842,0.974942,2.229234,16.992617
10.19,0.666842,0.974942,2.229234,17.002617
10.20,0.666842,0.974942,2.229234,17.012617
10.21,0.666842,0.974942,2.229234,17.022617
10.22,0.666842,0.974942,2.229234,17.032617
10.23,0.666842,0.974942,2.229234,17.042617
10.24,0.666842,0.974942,2.229234,17.052617
10.25,0.666842,0.974942,2.229234,17.062617
10.26,0.666842,0.974942,2.229234,17.072617
10.27,0.666842,0.974942,2.229234,17.082617
10.28,0.666842,0.974942,2.229234,17.092617
10.29,0.666842,0.974942,2.229234,17.102617
10.30,0.666842,0.974942,2.229234,17.112617
10.31,0.666842,0.974942,2.229235,17.122617
10.32,0.666842,0.974942,2.229235,17.132617
10.33,0.666842,0.974942,2.229235,17.142617
10.34,0.666842,0.974942,2.229235,17.152617
10.35,0.666842,0.974942,2.229235,17.162617
10.36,0.666842,0.974942,2.229235,17.172617
10.37,0.666842,0.974942,2.229235,17.182617
10.38,0.666842,0.974942,2.229235,17.192617
10.39,0.666842,0.974942,2.229235,17.202617
10.40,0.666842,0.974942,2.229235,17.212617
10.41,0.666842,0.974942,2.229235,17.222617
10.42,0.666842,0.974942,2.229235,17.232617
10.43,0.666842,0.974942,2.229235,17.242617
10.44,0.666842,0.974942,2.229235,17.252617
10.45,0.666842,0.974942,2.229235,17.262617
10.46,0.666842,0.974942,2.229235,17.272617
10.47,0.666842,0.974942,2.229235,17.282617
10.48,0.666842,0.974942,2.229235,17.292617
10.49,0.666842,0.974942,2.229235,17.302617
10.50,0.666842,0.974942,2.229235,17.312617
10.51,0.666842,0.974942,2.229235,17.322617
10.52,0.666842,0.974942,2.229235,17.332617
10.53,0.666842,0.974942,2.229235,17.342617
10.54,0.666842,0.974942,2.229235,17.352617
10.55,0.666842,0.974942,2.229235,17.362617
10.56,0.666842,0.974942,2.229235,17.372617
10.57,0.666842,0.974942,2.229235,17.382617
10.58,0.666842,0.974942,2.229235,17.392617
10.59,0.666842,0.974942,2.229235,17.402617
10.60,0.666842,0.974942,2.229235,17.412617
10.61,0.666842,0.974942,2.229235,17.422617
10.62,0.666842,0.974942,2.229235,17.432617
10.63,0.666842,0.974942,2.229235,17.442617
10.64,0.666842,0.974942,2.229235,17.452617
10.65,0.666842,0.974942,2.229235,17.462617
10.66,0.666842,0.974942,2.229235,17.472617
10.67,0.666842,0.974942,2.229235,17.482617
10.68,0.666842,0.974942,2.229235,17.492617
10.69,0.666842,0.974942,2.229235,17.502617
10.70,0.666842,0.974942,2.229235,17.512617
10.71,0.666842,0.974942,2.229235,17.522617
10.72,0.666842,0.974942,2.229235,17.532617
10.73,0.666842,0.974942,2.229235,17.542617
10.74,0.666842,0.974942,2.229235,17.552617
10.75,0.666842,0.974942,2.229235,17.562617
10.76,0.666842,0.974942,2.229235,17.572617
10.77,0.666842,0.974942,2.229235,17.582617
10.78,0.666842,0.974942,2.229235,17.592617
10.79,0.666842,0.974942,2.229235,17.602617
10.80,0.666842,0.974942,2.229235,17.612617
10.81,0.666842,0.974942,2.229235,17.622617
10.82,0.666842,0.974942,2.229235,17.632617
10.83,0.666842,0.974942,2.229235,17.642617
10.84,0.666842,0.974942,2.229235,17.652617
10.85,0.666842,0.974942,2.229235,17.662617
10.86,0.666842,0.974942,2.229235,17.672617
10.87,0.666842,0.974942,2.229235,17.682617
10.88,0.666842,0.974942,2.229235,17.692617
10.89,0.666842,0.974942,2.229235,17.702617
10.90,0.666842,0.974942,2.229235,17.712617
10.91,0.666842,0.974942,2.229235,17.722617
10.92,0.666842,0.974942,2.229235,17.732617
10.93,0.666842,0.974942,2.229235,17.742617
10.94,0.666842,0.974942,2.229235,17.752617
10.95,0.666842,0.974942,2.229235,17.762617
10.96,0.666842,0.974942,2.229235,17.772617
10.97,0.666842,0.974942,2.229235,17.782617
10.98,0.666842,0.974942,2.229235,17.792617
10.99,0.666842,0.974942,2.229235,17.802617
11.00,0.666842,0.974942,2.229235,17.812617
